{
    "model": "ResNet",
    "epochs": [
        1,
        2,
        3,
        4,
        5,
        6,
        7,
        8,
        9,
        10
    ],
    "train_loss": [
        2.889767992900719,
        1.0525775070535168,
        0.7478497852824547,
        0.5968821940518158,
        0.49508284687309484,
        0.42609946425915984,
        0.376886163576627,
        0.33668747747832967,
        0.31750700449998837,
        0.3059735681744851
    ],
    "train_acc": [
        37.598,
        71.18,
        78.162,
        82.078,
        85.012,
        87.214,
        88.668,
        90.014,
        90.53,
        90.922
    ],
    "test_acc": [
        68.55,
        76.4,
        79.31,
        80.91,
        81.54,
        82.04,
        82.67,
        82.56,
        82.84,
        82.84
    ],
    "training_time": 1438.8422002792358,
    "best_accuracy": 82.84
}